0.251900826,0,1.17E-05,484.8822998,1
0.251900826,8.506905587,1.17E-05,484.8822998,1.011133157
0.251900826,22.68689712,1.17E-05,484.8822998,1.014151248
0.251900826,32.32748618,1.17E-05,484.8822998,1.022568398
0.251900826,45.08473219,1.17E-05,484.8822998,1.042019841
0.251900826,73.72444017,1.17E-05,484.8822998,1.061778861
0.251900826,88.18260044,1.17E-05,484.8822998,1.084006728
0.251900826,106.3277608,1.17E-05,484.8822998,1.106305997
0.251900826,123.0602909,1.17E-05,484.8822998,1.10937352
0.251900826,133.5517261,1.17E-05,484.8822998,1.117807147
0.251900826,145.1752886,1.17E-05,484.8822998,1.134493152
0.251900826,155.3823304,1.17E-05,484.8822998,1.145664756
0.251900826,167.2933988,1.17E-05,484.8822998,1.148638907
0.251900826,178.3528429,1.17E-05,484.8822998,1.15434005
0.251900826,189.6951243,1.17E-05,484.8822998,1.162790155
0.251900826,200.4717311,1.17E-05,484.8822998,1.165742336
0.251900826,215.2173973,1.17E-05,484.8822998,1.17425835
0.251900826,228.830158,1.17E-05,484.8822998,1.177265456
0.251900826,240.1739956,1.17E-05,484.8822998,1.180228622
0.251900826,253.5023629,1.17E-05,484.8822998,1.185973705
0.251900826,265.4103189,1.17E-05,484.8822998,1.199921733
0.251900826,0,3.36E-06,1689.533226,1
0.251900826,12.95068916,3.36E-06,1689.533226,1.006279363
0.251900826,27.58240714,3.36E-06,1689.533226,1.012506616
0.251900826,46.21368182,3.36E-06,1689.533226,1.044906567
0.251900826,59.13745607,3.36E-06,1689.533226,1.042418271
0.251900826,76.03387208,3.36E-06,1689.533226,1.055159386
0.251900826,86.75754409,3.36E-06,1689.533226,1.072421121
0.251900826,105.3780528,3.36E-06,1689.533226,1.100443757
0.251900826,121.1609603,3.36E-06,1689.533226,1.117588242
0.251900826,148.1650812,3.36E-06,1689.533226,1.125717543
0.251900826,164.5208919,3.36E-06,1689.533226,1.147226316
0.251900826,179.757811,3.36E-06,1689.533226,1.170949803
0.251900826,185.925172,3.36E-06,1689.533226,1.164240524
0.251900826,207.3456011,3.36E-06,1689.533226,1.187820706
0.251900826,229.8903047,3.36E-06,1689.533226,1.211374832
0.251900826,256.9321066,3.36E-06,1689.533226,1.234824736
0.251900826,280.0389475,3.36E-06,1689.533226,1.258365835
0.251900826,310.4374239,3.36E-06,1689.533226,1.2751716
0.251900826,316.6424659,3.36E-06,1689.533226,1.283782926
0.251900826,323.9556334,3.36E-06,1689.533226,1.285802223
0.251900826,346.516486,3.36E-06,1689.533226,1.315922322
0.251900826,352.1324757,3.36E-06,1689.533226,1.313603387
0.251900826,361.7372561,3.36E-06,1689.533226,1.333079836
0.251900826,382.574016,3.36E-06,1689.533226,1.347918414
0.251900826,403.4323079,3.36E-06,1689.533226,1.371511623
0.251900826,423.204006,3.36E-06,1689.533226,1.410451492
0.251900826,460.9856288,3.36E-06,1689.533226,1.457729105
0.251900826,469.4392198,3.36E-06,1689.533226,1.46628832
0.251900826,487.5245061,3.36E-06,1689.533226,1.505267272
0.251900826,508.382798,3.36E-06,1689.533226,1.528860481
0.251900826,542.2079279,3.36E-06,1689.533226,1.567474657
0.755702479,0.527617277,1.10E-05,518.6132424,1
0.755702479,8.863470473,1.10E-05,518.6132424,1
0.755702479,40.85428389,1.10E-05,518.6132424,1
0.755702479,59.96952226,1.10E-05,518.6132424,1.009197499
0.755702479,81.74569376,1.10E-05,518.6132424,1.009933299
0.755702479,103.2344959,1.10E-05,518.6132424,1.003767699
0.755702479,120.7511753,1.10E-05,518.6132424,1.019972433
0.755702479,142.009725,1.10E-05,518.6132424,1.028152915
0.755702479,163.2896935,1.10E-05,518.6132424,1.044301204
0.755702479,186.938942,1.10E-05,518.6132424,1.041821659
0.755702479,213.3319432,1.10E-05,518.6132424,1.060018093
0.755702479,266.6070089,1.10E-05,518.6132424,1.078342535
0.755702479,283.5446658,1.10E-05,518.6132424,1.079150907
0.075570248,0.973650596,1.20E-05,473.3374831,1
0.075570248,14.41151016,1.20E-05,473.3374831,1.029931973
0.075570248,23.44370179,1.20E-05,473.3374831,1.092517007
0.075570248,32.9492519,1.20E-05,473.3374831,1.144217687
0.075570248,42.01376388,1.20E-05,473.3374831,1.223129252
0.075570248,52.49296458,1.20E-05,473.3374831,1.266666667
0.075570248,64.5107487,1.20E-05,473.3374831,1.337414966
0.075570248,80.4877759,1.20E-05,473.3374831,1.408163265
0.075570248,92.94121142,1.20E-05,473.3374831,1.448979592
0.075570248,106.4060046,1.20E-05,473.3374831,1.500680272
0.075570248,117.3801107,1.20E-05,473.3374831,1.544217687
0.075570248,131.867035,1.20E-05,473.3374831,1.612244898
0.075570248,146.3593461,1.20E-05,473.3374831,1.682993197
0.075570248,156.3167078,1.20E-05,473.3374831,1.71292517
0.075570248,167.2962006,1.20E-05,473.3374831,1.759183673
0.075570248,180.3253424,1.20E-05,473.3374831,1.840816327
0.075570248,194.688372,1.20E-05,473.3374831,1.846258503
0.075570248,205.7486657,1.20E-05,473.3374831,1.933333333
0.075570248,219.2565527,1.20E-05,473.3374831,2.006802721
0.075570248,232.3018547,1.20E-05,473.3374831,2.096598639
0.075570248,242.3130836,1.20E-05,473.3374831,2.153741497
0.075570248,258.8388834,1.20E-05,473.3374831,2.25170068
0.075570248,266.8758776,1.20E-05,473.3374831,2.311564626
0.075570248,277.4358792,1.20E-05,473.3374831,2.395918367
0.075570248,284.4561289,1.20E-05,473.3374831,2.442176871
0.755702479,0,5.05E-06,1125.292884,0.998315795
0.755702479,3.95102141,5.05E-06,1125.292884,1.001684936
0.755702479,14.83289225,5.05E-06,1125.292884,1.008422488
0.755702479,24.6667222,5.05E-06,1125.292884,1.007083892
0.755702479,37.02525748,5.05E-06,1125.292884,1.01382254
0.755702479,49.72231924,5.05E-06,1125.292884,1.001045961
0.755702479,64.03649087,5.05E-06,1125.292884,1.006103692
0.755702479,78.80048536,5.05E-06,1125.292884,1.005778176
0.755702479,98.99481562,5.05E-06,1125.292884,1.007475533
0.755702479,123.148117,5.05E-06,1125.292884,1.011867619
0.755702479,153.1868769,5.05E-06,1125.292884,1.013572283
0.755702479,170.9889975,5.05E-06,1125.292884,1.024016183
0.755702479,195.2138466,5.05E-06,1125.292884,1.037493113
0.755702479,214.9954528,5.05E-06,1125.292884,1.049284377
0.755702479,244.0842185,5.05E-06,1125.292884,1.055362495
0.755702479,272.199141,5.05E-06,1125.292884,1.062785785
0.755702479,297.9324535,5.05E-06,1125.292884,1.08030152
0.755702479,319.3099703,5.05E-06,1125.292884,1.107235287
0.755702479,348.4782334,5.05E-06,1125.292884,1.123407677
0.755702479,361.3713888,5.05E-06,1125.292884,1.135530302
0.755702479,378.1758169,5.05E-06,1125.292884,1.144291092
0.755702479,393.5168301,5.05E-06,1125.292884,1.154733165
0.755702479,418.7420216,5.05E-06,1125.292884,1.17022968
2.644958678,0.609308095,7.14E-06,795.2069717,1.000165939
2.644958678,19.66412614,7.14E-06,795.2069717,1.006973915
2.644958678,27.10559273,7.14E-06,795.2069717,1.012292912
2.644958678,36.69231044,7.14E-06,795.2069717,1.0056303
2.644958678,57.52638924,7.14E-06,795.2069717,1.010440298
2.644958678,90.48174521,7.14E-06,795.2069717,1.012579168
2.644958678,102.6922389,7.14E-06,795.2069717,1.01356854
2.644958678,116.2389523,7.14E-06,795.2069717,1.019382223
2.644958678,127.7063131,7.14E-06,795.2069717,1.014881293
2.644958678,135.6719266,7.14E-06,795.2069717,1.016705729
2.644958678,156.0183562,7.14E-06,795.2069717,1.026507765
2.644958678,167.0264548,7.14E-06,795.2069717,1.028163577
2.644958678,178.0264429,7.14E-06,795.2069717,1.029486618
2.644958678,208.5324006,7.14E-06,795.2069717,1.031128118
2.644958678,214.6538686,7.14E-06,795.2069717,1.032288349
2.644958678,238.5020455,7.14E-06,795.2069717,1.03576502
2.644958678,251.2975155,7.14E-06,795.2069717,1.035755627
2.644958678,261.1356615,7.14E-06,795.2069717,1.039408971
2.644958678,273.9757398,7.14E-06,795.2069717,1.041229828
2.644958678,284.6016269,7.14E-06,795.2069717,1.052203725
1.781185847,0,5.03E-06,835.8817533,1
1.781185847,2.714956508,5.03E-06,835.8817533,0.999571387
1.781185847,6.152213237,5.03E-06,835.8817533,1.039049704
1.781185847,10.19420045,5.03E-06,835.8817533,1.06510325
1.781185847,15.0392794,5.03E-06,835.8817533,1.037702634
1.781185847,19.48763585,5.03E-06,835.8817533,1.0903608
1.781185847,23.53565228,5.03E-06,835.8817533,1.183078972
1.781185847,25.9593976,5.03E-06,835.8817533,1.182711589
1.781185847,29.81990538,5.03E-06,835.8817533,1.435455478
1.781185847,35.27092065,5.03E-06,835.8817533,1.407963017
1.781185847,41.53346857,5.03E-06,835.8817533,1.42034687
1.781185847,50.01295964,5.03E-06,835.8817533,1.379062256
1.781185847,64.55663739,5.03E-06,835.8817533,1.390190886
1.781185847,76.49147285,5.03E-06,835.8817533,1.588378465
1.781185847,88.42751415,5.03E-06,835.8817533,1.79989897
1.781185847,99.53634685,5.03E-06,835.8817533,1.798215133
1.781185847,111.6526617,5.03E-06,835.8817533,1.76971237
1.781185847,135.3227656,5.03E-06,835.8817533,2.192783994
1.781185847,147.0532106,5.03E-06,835.8817533,2.364336339
1.781185847,158.7860673,5.03E-06,835.8817533,2.562554533
1.781185847,170.1402891,5.03E-06,835.8817533,3.040825386
1.781185847,176.4016312,5.03E-06,835.8817533,3.039876315
2.024393189,0,8.46E-06,488.0382775,1
2.024393189,4.533971339,8.46E-06,488.0382775,0.973625339
2.024393189,7.967610537,8.46E-06,488.0382775,0.973124926
2.024393189,12.61312239,8.46E-06,488.0382775,0.972447898
2.024393189,18.26973398,8.46E-06,488.0382775,0.984443071
2.024393189,22.3093095,8.46E-06,488.0382775,0.983854351
2.024393189,25.74174286,8.46E-06,488.0382775,0.970534558
2.024393189,29.5817513,8.46E-06,488.0382775,0.995614035
2.024393189,35.84912258,8.46E-06,488.0382775,1.058798422
2.024393189,40.91667965,8.46E-06,488.0382775,1.250353232
2.024393189,47.99799525,8.46E-06,488.0382775,1.377516779
2.024393189,58.7028704,8.46E-06,488.0382775,1.37595667
2.024393189,82.3886502,8.46E-06,488.0382775,1.949384787
2.024393189,105.9315375,8.46E-06,488.0382775,3.150991993
2.024393189,129.8759708,8.46E-06,488.0382775,4.326901566
2.024393189,152.2395432,8.46E-06,488.0382775,5.874808666
2.024393189,176.9858623,8.46E-06,488.0382775,6.986503591
0.025880027,0,3.85E-06,1048.140351,1
0.025880027,0.089232415,3.85E-06,1048.140351,1.000244989
0.025880027,3.745349728,3.85E-06,1048.140351,1.226415961
0.025880027,11.43742504,3.85E-06,1048.140351,1.41196466
0.025880027,8.811700946,3.85E-06,1048.140351,1.412362768
0.025880027,6.793119026,3.85E-06,1048.140351,1.426005604
0.025880027,4.975310038,3.85E-06,1048.140351,1.426281217
0.025880027,4.167394933,3.85E-06,1048.140351,1.426403712
0.025880027,16.12152389,3.85E-06,1048.140351,1.838031512
0.025880027,14.10173612,3.85E-06,1048.140351,1.838337748
0.025880027,20.56626281,3.85E-06,1048.140351,1.850694391
0.025880027,18.74845382,3.85E-06,1048.140351,1.850970004
0.025880027,26.4562051,3.85E-06,1048.140351,2.209894502
0.025880027,22.82420465,3.85E-06,1048.140351,2.250455527
0.025880027,28.89924391,3.85E-06,1048.140351,2.422912615
0.025880027,35.18108532,3.85E-06,1048.140351,2.64868548
0.025880027,41.48101438,3.85E-06,1048.140351,3.074507342
0.025880027,47.37578004,3.85E-06,1048.140351,3.487053852
0.025880027,52.90035176,3.85E-06,1048.140351,4.273086405
0.025880027,59.20148667,3.85E-06,1048.140351,4.712244867
0.025880027,70.2168665,3.85E-06,1048.140351,5.910885177
0.025880027,82.08236596,3.85E-06,1048.140351,7.576183987
20.68685776,0,9.83E-04,70.79283866,1
20.68685776,6.096153846,9.83E-04,70.79283866,1.363636364
20.68685776,12.19230769,9.83E-04,70.79283866,1.722488038
20.68685776,18.28846154,9.83E-04,70.79283866,2.292993631
20.68685776,24.38461538,9.83E-04,70.79283866,3.103448276
20.68685776,0,7.67E-04,81.6551626,1
20.68685776,5.423076923,7.67E-04,81.6551626,1.237113402
20.68685776,10.84615385,7.67E-04,81.6551626,1.551724138
20.68685776,16.26923077,7.67E-04,81.6551626,1.945945946
20.68685776,21.69230769,7.67E-04,81.6551626,2.535211268
20.68685776,0,6.00E-04,95.52947053,1
20.68685776,4.442307692,6.00E-04,95.52947053,1.237113402
20.68685776,8.884615385,6.00E-04,95.52947053,1.551724138
20.68685776,13.32692308,6.00E-04,95.52947053,1.945945946
20.68685776,17.76923077,6.00E-04,95.52947053,2.535211268
20.68685776,0,4.83E-04,104.8887768,1
20.68685776,4.51171875,4.83E-04,104.8887768,1.118012422
20.68685776,9.0234375,4.83E-04,104.8887768,1.254355401
20.68685776,13.53515625,4.83E-04,104.8887768,1.38996139
20.68685776,18.046875,4.83E-04,104.8887768,1.506276151
20.68685776,0,6.11E-04,93.38176255,1
20.68685776,4.053571429,6.11E-04,93.38176255,1.097560976
20.68685776,8.107142857,6.11E-04,93.38176255,1.224489796
20.68685776,12.16071429,6.11E-04,93.38176255,1.299638989
20.68685776,16.21428571,6.11E-04,93.38176255,1.417322835
316.1157025,0,3.26E-04,103.3818244,1
316.1157025,4.370229008,3.26E-04,103.3818244,1.052631579
316.1157025,8.740458015,3.26E-04,103.3818244,1.107692308
316.1157025,13.11068702,3.26E-04,103.3818244,1.196013289
316.1157025,17.48091603,3.26E-04,103.3818244,1.294964029
20.68685776,0,3.50E-04,150.1773336,1
20.68685776,4.403846154,3.50E-04,150.1773336,1.061946903
20.68685776,8.807692308,3.50E-04,150.1773336,1.125
20.68685776,13.21153846,3.50E-04,150.1773336,1.161290323
20.68685776,17.61538462,3.50E-04,150.1773336,1.411764706
20.68685776,0,4.46E-04,66.45778555,1
20.68685776,4.403846154,4.46E-04,66.45778555,1.052631579
20.68685776,8.807692308,4.46E-04,66.45778555,1.196013289
20.68685776,13.21153846,4.46E-04,66.45778555,1.328413284
20.68685776,17.61538462,4.46E-04,66.45778555,1.525423729
20.68685776,0,4.43E-04,93.25527973,1
20.68685776,4.403846154,4.43E-04,93.25527973,1.309090909
20.68685776,8.807692308,4.43E-04,93.25527973,1.374045802
20.68685776,13.21153846,4.43E-04,93.25527973,1.739130435
20.68685776,17.61538462,4.43E-04,93.25527973,2.25
20.68685776,0,2.74E-04,97.99707361,1
20.68685776,4.403846154,2.74E-04,97.99707361,1.165048544
20.68685776,8.807692308,2.74E-04,97.99707361,1.24567474
20.68685776,13.21153846,2.74E-04,97.99707361,1.379310345
20.68685776,17.61538462,2.74E-04,97.99707361,1.487603306
20.68685776,0,6.33E-04,101.4355674,1
20.68685776,4.403846154,6.33E-04,101.4355674,1.111111111
20.68685776,8.807692308,6.33E-04,101.4355674,1.161290323
20.68685776,13.21153846,6.33E-04,101.4355674,1.25
20.68685776,17.61538462,6.33E-04,101.4355674,1.368821293
20.68685776,0,4.19E-04,104.1524847,1
20.68685776,8.653846154,4.19E-04,104.1524847,1.263157895
20.68685776,17.30769231,4.19E-04,104.1524847,1.545064378
20.68685776,34.61538462,4.19E-04,104.1524847,2.222222222
20.68685776,51.92307692,4.19E-04,104.1524847,3.157894737
20.68685776,69.23076923,4.19E-04,104.1524847,4.444444444
20.68685776,86.53846154,4.19E-04,104.1524847,6.545454545
20.68685776,129.8076923,4.19E-04,104.1524847,10.28571429
2.416666667,0,2.48E-06,273.75,1
2.416666667,0.951086957,2.48E-06,273.75,1.228013029
2.416666667,2.717391304,2.48E-06,273.75,1.35504886
2.416666667,3.532608696,2.48E-06,273.75,1.345276873
2.416666667,4.710144928,2.48E-06,273.75,1.117263844
2.416666667,5.887681159,2.48E-06,273.75,1.221498371
2.416666667,7.518115942,2.48E-06,273.75,1.231270358
2.416666667,8.831521739,2.48E-06,273.75,1.231270358
2.416666667,10.86956522,2.48E-06,273.75,1.234527687
2.416666667,9.918478261,2.48E-06,273.75,1.237785016
2.416666667,12.04710145,2.48E-06,273.75,1.234527687
2.416666667,12.31884058,2.48E-06,273.75,1.286644951
2.416666667,13.54166667,2.48E-06,273.75,1.293159609
2.416666667,14.62862319,2.48E-06,273.75,1.28990228
2.416666667,15.85144928,2.48E-06,273.75,1.345276873
2.416666667,17.07427536,2.48E-06,273.75,1.35504886
2.416666667,18.97644928,2.48E-06,273.75,1.364820847
2.416666667,19.20289855,2.48E-06,273.75,1.403908795
2.416666667,20.87862319,2.48E-06,273.75,1.410423453
2.416666667,22.41847826,2.48E-06,273.75,1.462540717
2.416666667,23.50543478,2.48E-06,273.75,1.462540717
2.416666667,24.13949275,2.48E-06,273.75,1.501628664
2.416666667,24.81884058,2.48E-06,273.75,1.527687296
2.416666667,25.13586957,2.48E-06,273.75,1.527687296
2.416666667,26.04166667,2.48E-06,273.75,1.641693811
2.416666667,26.3134058,2.48E-06,273.75,1.697068404
2.416666667,26.72101449,2.48E-06,273.75,1.745928339
2.416666667,27.12862319,2.48E-06,273.75,1.745928339
2.416666667,27.26449275,2.48E-06,273.75,1.749185668
2.416666667,27.49094203,2.48E-06,273.75,1.71009772
2.416666667,27.7173913,2.48E-06,273.75,1.755700326
2.416666667,28.66847826,2.48E-06,273.75,1.811074919
2.416666667,29.4384058,2.48E-06,273.75,1.814332248
2.416666667,30.66123188,2.48E-06,273.75,1.80781759
2.416666667,31.20471014,2.48E-06,273.75,1.811074919
2.416666667,32.01992754,2.48E-06,273.75,1.592833876
2.416666667,32.24637681,2.48E-06,273.75,1.641693811
2.416666667,33.87681159,2.48E-06,273.75,1.690553746
2.416666667,34.55615942,2.48E-06,273.75,1.755700326
2.416666667,35.32608696,2.48E-06,273.75,1.755700326
2.416666667,36.32246377,2.48E-06,273.75,1.758957655
2.416666667,37.00181159,2.48E-06,273.75,1.801302932
2.416666667,37.63586957,2.48E-06,273.75,2.03257329
2.416666667,37.59057971,2.48E-06,273.75,2.009771987
2.416666667,38.08876812,2.48E-06,273.75,2.035830619
2.416666667,39.62862319,2.48E-06,273.75,2.100977199
2.416666667,40.26268116,2.48E-06,273.75,2.104234528
2.416666667,41.34963768,2.48E-06,273.75,2.156351792
2.416666667,41.75724638,2.48E-06,273.75,2.156351792
2.416666667,42.8442029,2.48E-06,273.75,2.169381107
2.416666667,43.20652174,2.48E-06,273.75,2.198697068
2.416666667,43.97644928,2.48E-06,273.75,2.221498371
2.416666667,44.70108696,2.48E-06,273.75,2.218241042
2.416666667,45.19927536,2.48E-06,273.75,2.006514658
2.416666667,45.60688406,2.48E-06,273.75,1.954397394
2.416666667,45.83333333,2.48E-06,273.75,2.042345277
2.416666667,46.60326087,2.48E-06,273.75,2.081433225
2.416666667,47.19202899,2.48E-06,273.75,2.094462541
2.416666667,47.82608696,2.48E-06,273.75,2.107491857
2.416666667,48.55072464,2.48E-06,273.75,2.159609121
2.416666667,49.5923913,2.48E-06,273.75,2.169381107
2.416666667,49.95471014,2.48E-06,273.75,2.205211726
2.416666667,0,2.48E-06,182.5,1
2.416666667,0.272479564,2.48E-06,182.5,1.039156627
2.416666667,0.726612171,2.48E-06,182.5,1.045180723
2.416666667,0.817438692,2.48E-06,182.5,1.072289157
2.416666667,1.180744777,2.48E-06,182.5,1.096385542
2.416666667,1.407811081,2.48E-06,182.5,1.129518072
2.416666667,1.680290645,2.48E-06,182.5,1.159638554
2.416666667,2.089009991,2.48E-06,182.5,1.156626506
2.416666667,2.089009991,2.48E-06,182.5,1.057228916
2.416666667,2.225249773,2.48E-06,182.5,0.975903614
2.416666667,2.997275204,2.48E-06,182.5,0.984939759
2.416666667,3.587647593,2.48E-06,182.5,1.012048193
2.416666667,3.860127157,2.48E-06,182.5,1.015060241
2.416666667,4.132606721,2.48E-06,182.5,1.012048193
2.416666667,4.541326067,2.48E-06,182.5,1.015060241
2.416666667,5.040871935,2.48E-06,182.5,1.03313253
2.416666667,5.449591281,2.48E-06,182.5,1.021084337
2.416666667,5.676657584,2.48E-06,182.5,1.042168675
2.416666667,5.994550409,2.48E-06,182.5,1.042168675
2.416666667,6.267029973,2.48E-06,182.5,1.027108434
2.416666667,6.948228883,2.48E-06,182.5,1.027108434
2.416666667,7.538601272,2.48E-06,182.5,1.021084337
2.416666667,7.856494096,2.48E-06,182.5,1.036144578
2.416666667,8.628519528,2.48E-06,182.5,1.048192771
2.416666667,9.173478656,2.48E-06,182.5,1.048192771
2.416666667,9.536784741,2.48E-06,182.5,1.048192771
2.416666667,9.900090827,2.48E-06,182.5,1.075301205
2.416666667,10.71752952,2.48E-06,182.5,1.075301205
2.416666667,11.26248865,2.48E-06,182.5,1.084337349
2.416666667,11.62579473,2.48E-06,182.5,1.078313253
2.416666667,11.98910082,2.48E-06,182.5,1.105421687
2.416666667,12.48864668,2.48E-06,182.5,1.096385542
2.416666667,13.07901907,2.48E-06,182.5,1.105421687
2.416666667,13.80563124,2.48E-06,182.5,1.11746988
2.416666667,14.30517711,2.48E-06,182.5,1.141566265
2.416666667,14.53224342,2.48E-06,182.5,1.13253012
2.416666667,14.8955495,2.48E-06,182.5,1.13253012
2.416666667,15.1226158,2.48E-06,182.5,1.138554217
2.416666667,15.30426885,2.48E-06,182.5,1.162650602
2.416666667,15.89464124,2.48E-06,182.5,1.162650602
2.416666667,16.3941871,2.48E-06,182.5,1.162650602
2.416666667,16.80290645,2.48E-06,182.5,1.222891566
2.416666667,16.75749319,2.48E-06,182.5,1.265060241
2.416666667,16.98455949,2.48E-06,182.5,1.280120482
2.416666667,17.02997275,2.48E-06,182.5,1.295180723
2.416666667,17.21162579,2.48E-06,182.5,1.328313253
2.416666667,17.30245232,2.48E-06,182.5,1.334337349
2.416666667,17.62034514,2.48E-06,182.5,1.334337349
2.416666667,17.80199818,2.48E-06,182.5,1.337349398
2.416666667,18.80108992,2.48E-06,182.5,1.346385542
2.416666667,19.30063579,2.48E-06,182.5,1.358433735
2.416666667,20.39055404,2.48E-06,182.5,1.361445783
2.416666667,20.57220708,2.48E-06,182.5,1.361445783
2.416666667,20.61762035,2.48E-06,182.5,1.253012048
2.416666667,20.79927339,2.48E-06,182.5,1.222891566
2.416666667,21.29881926,2.48E-06,182.5,1.204819277
2.416666667,21.43505904,2.48E-06,182.5,1.237951807
2.416666667,21.88919164,2.48E-06,182.5,1.243975904
2.416666667,22.25249773,2.48E-06,182.5,1.256024096
2.416666667,22.57039055,2.48E-06,182.5,1.277108434
2.416666667,23.2061762,2.48E-06,182.5,1.286144578
2.416666667,23.79654859,2.48E-06,182.5,1.295180723
2.416666667,24.20526794,2.48E-06,182.5,1.307228916
2.416666667,24.79564033,2.48E-06,182.5,1.313253012
2.416666667,25.15894641,2.48E-06,182.5,1.334337349
2.416666667,26.33969119,2.48E-06,182.5,1.430722892
2.416666667,26.56675749,2.48E-06,182.5,1.527108434
2.416666667,27.20254314,2.48E-06,182.5,1.515060241
2.416666667,27.38419619,2.48E-06,182.5,1.53313253
2.416666667,27.83832879,2.48E-06,182.5,1.536144578
2.416666667,28.11080836,2.48E-06,182.5,1.542168675
2.416666667,28.65576748,2.48E-06,182.5,1.56626506
2.416666667,29.24613987,2.48E-06,182.5,1.560240964
2.416666667,29.51861944,2.48E-06,182.5,1.575301205
2.416666667,29.97275204,2.48E-06,182.5,1.590361446
2.416666667,30.38147139,2.48E-06,182.5,1.596385542
2.416666667,30.79019074,2.48E-06,182.5,1.59939759
2.416666667,31.51680291,2.48E-06,182.5,1.608433735
2.416666667,32.01634877,2.48E-06,182.5,1.614457831
2.416666667,32.1071753,2.48E-06,182.5,1.53313253
2.416666667,32.37965486,2.48E-06,182.5,1.496987952
2.416666667,32.51589464,2.48E-06,182.5,1.484939759
2.416666667,33.06085377,2.48E-06,182.5,1.496987952
2.416666667,33.28792007,2.48E-06,182.5,1.512048193
2.416666667,33.46957312,2.48E-06,182.5,1.524096386
2.416666667,33.74205268,2.48E-06,182.5,1.530120482
2.416666667,34.10535876,2.48E-06,182.5,1.530120482
2.416666667,34.65031789,2.48E-06,182.5,1.539156627
2.416666667,34.92279746,2.48E-06,182.5,1.557228916
2.416666667,35.37693006,2.48E-06,182.5,1.572289157
2.416666667,35.78564941,2.48E-06,182.5,1.587349398
2.416666667,36.23978202,2.48E-06,182.5,1.587349398
2.416666667,37.19346049,2.48E-06,182.5,1.59939759
2.416666667,37.46594005,2.48E-06,182.5,1.623493976
2.416666667,37.8746594,2.48E-06,182.5,1.626506024
2.416666667,38.14713896,2.48E-06,182.5,1.629518072
2.416666667,38.14713896,2.48E-06,182.5,1.665662651
2.416666667,38.32879201,2.48E-06,182.5,1.695783133
2.416666667,38.32879201,2.48E-06,182.5,1.737951807
2.416666667,38.41961853,2.48E-06,182.5,1.798192771
2.416666667,38.41961853,2.48E-06,182.5,1.828313253
2.416666667,38.55585831,2.48E-06,182.5,1.840361446
2.416666667,39.1462307,2.48E-06,182.5,1.84939759
2.416666667,39.50953678,2.48E-06,182.5,1.846385542
2.416666667,40.23614896,2.48E-06,182.5,1.858433735
2.416666667,40.82652134,2.48E-06,182.5,1.86746988
2.416666667,41.14441417,2.48E-06,182.5,1.86746988
2.416666667,41.32606721,2.48E-06,182.5,1.88253012
2.416666667,41.55313351,2.48E-06,182.5,1.891566265
2.416666667,41.9164396,2.48E-06,182.5,1.909638554
2.416666667,42.41598547,2.48E-06,182.5,1.915662651
2.416666667,42.91553134,2.48E-06,182.5,1.93373494
2.416666667,43.32425068,2.48E-06,182.5,1.909638554
2.416666667,43.68755677,2.48E-06,182.5,1.873493976
2.416666667,43.4150772,2.48E-06,182.5,1.81626506
2.416666667,43.4150772,2.48E-06,182.5,1.786144578
2.416666667,43.46049046,2.48E-06,182.5,1.734939759
2.416666667,43.73297003,2.48E-06,182.5,1.707831325
2.416666667,43.82379655,2.48E-06,182.5,1.713855422
2.416666667,44.27792916,2.48E-06,182.5,1.756024096
2.416666667,44.73206176,2.48E-06,182.5,1.759036145
2.416666667,45.00454133,2.48E-06,182.5,1.777108434
2.416666667,45.36784741,2.48E-06,182.5,1.792168675
2.416666667,45.82198002,2.48E-06,182.5,1.798192771
2.416666667,46.23069936,2.48E-06,182.5,1.813253012
2.416666667,46.68483197,2.48E-06,182.5,1.813253012
2.416666667,46.86648501,2.48E-06,182.5,1.840361446
2.416666667,47.59309718,2.48E-06,182.5,1.855421687
2.416666667,47.72933697,2.48E-06,182.5,1.894578313
2.416666667,47.72933697,2.48E-06,182.5,1.927710843
2.416666667,47.68392371,2.48E-06,182.5,1.942771084
2.416666667,47.59309718,2.48E-06,182.5,1.972891566
2.416666667,47.63851045,2.48E-06,182.5,2.045180723
2.416666667,47.86557675,2.48E-06,182.5,2.078313253
2.416666667,48.04722979,2.48E-06,182.5,2.087349398
2.416666667,48.13805631,2.48E-06,182.5,2.114457831
2.416666667,0,2.48E-06,136.875,1
2.416666667,0.363565459,2.48E-06,136.875,1.000027945
2.416666667,0.362277258,2.48E-06,136.875,1.03876034
2.416666667,0.537823924,2.48E-06,136.875,1.063420647
2.416666667,0.669044764,2.48E-06,136.875,1.095120103
2.416666667,0.932891754,2.48E-06,136.875,1.116265494
2.416666667,1.285273286,2.48E-06,136.875,1.126853715
2.416666667,1.549822931,2.48E-06,136.875,1.126872345
2.416666667,2.033542412,2.48E-06,136.875,1.165638895
2.416666667,1.9026729,2.48E-06,136.875,1.123376059
2.416666667,1.903726883,2.48E-06,136.875,1.091685918
2.416666667,1.81659765,2.48E-06,136.875,1.059989567
2.416666667,1.861274804,2.48E-06,136.875,1.042387038
2.416666667,1.906069066,2.48E-06,136.875,1.021263383
2.416666667,1.9944865,2.48E-06,136.875,1.014227339
2.416666667,2.127463977,2.48E-06,136.875,0.993109894
2.416666667,2.744629373,2.48E-06,136.875,0.996674491
2.416666667,2.876552868,2.48E-06,136.875,1.007247187
2.416666667,3.27267468,2.48E-06,136.875,1.028401893
2.416666667,3.53792698,2.48E-06,136.875,1.007293763
2.416666667,3.713356537,2.48E-06,136.875,1.035475197
2.416666667,3.977906181,2.48E-06,136.875,1.035493827
2.416666667,4.242924263,2.48E-06,136.875,1.02142795
2.416666667,4.375199086,2.48E-06,136.875,1.021437266
2.416666667,4.595305795,2.48E-06,136.875,1.032016171
2.416666667,4.771555116,2.48E-06,136.875,1.035549718
2.416666667,5.167676929,2.48E-06,136.875,1.056704424
2.416666667,5.34521445,2.48E-06,136.875,1.021505577
2.416666667,5.34521445,2.48E-06,136.875,1.021505577
2.416666667,6.007174109,2.48E-06,136.875,1.003946519
2.416666667,6.050445952,2.48E-06,136.875,1.028597511
2.416666667,6.270669771,2.48E-06,136.875,1.03565529
2.416666667,6.402944593,2.48E-06,136.875,1.035664605
2.416666667,6.447036201,2.48E-06,136.875,1.03566771
2.416666667,6.887952276,2.48E-06,136.875,1.03569876
2.416666667,7.32898546,2.48E-06,136.875,1.032208684
2.416666667,7.505117671,2.48E-06,136.875,1.039263358
2.416666667,7.637041166,2.48E-06,136.875,1.049836053
2.416666667,7.945213982,2.48E-06,136.875,1.063942296
2.416666667,8.121580412,2.48E-06,136.875,1.063954716
2.416666667,8.650562593,2.48E-06,136.875,1.067513103
2.416666667,8.6946542,2.48E-06,136.875,1.067516208
2.416666667,9.047269951,2.48E-06,136.875,1.071062176
2.416666667,9.355676985,2.48E-06,136.875,1.078126164
2.416666667,9.311585377,2.48E-06,136.875,1.078123059
2.416666667,9.79647595,2.48E-06,136.875,1.081678342
2.416666667,10.14721795,2.48E-06,136.875,1.141562337
2.416666667,10.27890723,2.48E-06,136.875,1.159177286
2.416666667,10.27785325,2.48E-06,136.875,1.190867427
2.416666667,10.27715059,2.48E-06,136.875,1.211994187
2.416666667,10.40837143,2.48E-06,136.875,1.243693643
2.416666667,10.71701269,2.48E-06,136.875,1.243715379
2.416666667,10.84928751,2.48E-06,136.875,1.243724694
2.416666667,10.93747072,2.48E-06,136.875,1.243730904
2.416666667,11.02565394,2.48E-06,136.875,1.243737114
2.416666667,11.29008647,2.48E-06,136.875,1.247276871
2.416666667,11.37780125,2.48E-06,136.875,1.261367588
2.416666667,11.59814218,2.48E-06,136.875,1.26490424
2.416666667,11.64188246,2.48E-06,136.875,1.275470726
2.416666667,11.9504066,2.48E-06,136.875,1.279013588
2.416666667,11.99449821,2.48E-06,136.875,1.279016693
2.416666667,12.12665592,2.48E-06,136.875,1.282547135
2.416666667,12.12665592,2.48E-06,136.875,1.282547135
2.416666667,12.567572,2.48E-06,136.875,1.282578185
2.416666667,12.87621325,2.48E-06,136.875,1.282599921
2.416666667,12.91983642,2.48E-06,136.875,1.296687533
2.416666667,13.22789213,2.48E-06,136.875,1.314314902
2.416666667,13.22789213,2.48E-06,136.875,1.314314902
2.416666667,13.36016695,2.48E-06,136.875,1.314324217
2.416666667,13.40531254,2.48E-06,136.875,1.282637181
2.416666667,13.44963837,2.48E-06,136.875,1.275598033
2.416666667,13.4940813,2.48E-06,136.875,1.265037757
2.416666667,13.53852424,2.48E-06,136.875,1.254477482
2.416666667,13.53864135,2.48E-06,136.875,1.250956355
2.416666667,13.53899267,2.48E-06,136.875,1.240392975
2.416666667,13.58320139,2.48E-06,136.875,1.236874953
2.416666667,13.58425537,2.48E-06,136.875,1.205184813
2.416666667,13.58425537,2.48E-06,136.875,1.205184813
2.416666667,13.6285812,2.48E-06,136.875,1.198145664
2.416666667,13.71746707,2.48E-06,136.875,1.177025114
2.416666667,13.71758418,2.48E-06,136.875,1.173503987
2.416666667,13.85032744,2.48E-06,136.875,1.159428795
2.416666667,13.89465326,2.48E-06,136.875,1.152389647
2.416666667,13.98295359,2.48E-06,136.875,1.14887473
2.416666667,13.9830707,2.48E-06,136.875,1.145353603
2.416666667,14.15978845,2.48E-06,136.875,1.134802643
2.416666667,14.29206328,2.48E-06,136.875,1.134811958
2.416666667,14.38024649,2.48E-06,136.875,1.134818168
2.416666667,14.4243381,2.48E-06,136.875,1.134821273
2.416666667,14.68841931,2.48E-06,136.875,1.148924411
2.416666667,14.73251091,2.48E-06,136.875,1.148927516
2.416666667,14.99694345,2.48E-06,136.875,1.152467273
2.416666667,15.04103506,2.48E-06,136.875,1.152470378
2.416666667,15.30511627,2.48E-06,136.875,1.166573515
2.416666667,15.34897366,2.48E-06,136.875,1.173618874
2.416666667,15.6574978,2.48E-06,136.875,1.177161736
2.416666667,15.74544679,2.48E-06,136.875,1.184210199
2.416666667,15.9655535,2.48E-06,136.875,1.194789105
2.416666667,16.18624576,2.48E-06,136.875,1.187762377
2.416666667,16.23045448,2.48E-06,136.875,1.184244355
2.416666667,16.45079541,2.48E-06,136.875,1.187781007
2.416666667,16.53839307,2.48E-06,136.875,1.205392851
2.416666667,16.53757331,2.48E-06,136.875,1.230040738
2.416666667,16.53722198,2.48E-06,136.875,1.240604119
2.416666667,16.53675355,2.48E-06,136.875,1.254688626
2.416666667,16.58002539,2.48E-06,136.875,1.279339618
2.416666667,16.71159756,2.48E-06,136.875,1.300475694
2.416666667,16.71066068,2.48E-06,136.875,1.328644708
2.416666667,16.66656908,2.48E-06,136.875,1.328641603
2.416666667,16.66574931,2.48E-06,136.875,1.35328949
2.416666667,16.66528087,2.48E-06,136.875,1.367373997
2.416666667,16.62013528,2.48E-06,136.875,1.399061033
2.416666667,16.61990107,2.48E-06,136.875,1.406103286
2.416666667,16.61943263,2.48E-06,136.875,1.420187793
2.416666667,16.70761584,2.48E-06,136.875,1.420194004
2.416666667,17.14771215,2.48E-06,136.875,1.444872941
2.416666667,17.23741779,2.48E-06,136.875,1.399104504
2.416666667,17.23741779,2.48E-06,136.875,1.399104504
2.416666667,17.41378422,2.48E-06,136.875,1.399116924
2.416666667,17.85411475,2.48E-06,136.875,1.416753608
2.416666667,18.20579363,2.48E-06,136.875,1.448468589
2.416666667,18.73489292,2.48E-06,136.875,1.44850585
2.416666667,18.82331035,2.48E-06,136.875,1.441469806
2.416666667,18.99909123,2.48E-06,136.875,1.45908786
2.416666667,19.3959157,2.48E-06,136.875,1.459115806
2.416666667,19.48409892,2.48E-06,136.875,1.459122016
2.416666667,19.57216502,2.48E-06,136.875,1.462649353
2.416666667,19.70397141,2.48E-06,136.875,1.476743175
2.416666667,19.83566068,2.48E-06,136.875,1.494358124
2.416666667,20.14359928,2.48E-06,136.875,1.51550662
2.416666667,20.45235764,2.48E-06,136.875,1.512007229
2.416666667,20.62954384,2.48E-06,136.875,1.487371761
2.416666667,20.67375255,2.48E-06,136.875,1.48385374
2.416666667,20.67574341,2.48E-06,136.875,1.423994585
2.416666667,20.58861418,2.48E-06,136.875,1.392298234
2.416666667,20.72194298,2.48E-06,136.875,1.360617408
2.416666667,20.85492046,2.48E-06,136.875,1.339499963
2.416666667,20.89971472,2.48E-06,136.875,1.318376307
2.416666667,20.89971472,2.48E-06,136.875,1.318376307
2.416666667,21.07596404,2.48E-06,136.875,1.321909854
2.416666667,21.29560232,2.48E-06,136.875,1.346573267
2.416666667,21.4274087,2.48E-06,136.875,1.360667089
2.416666667,21.60354091,2.48E-06,136.875,1.367721763
2.416666667,22.08784594,2.48E-06,136.875,1.388882679
2.416666667,22.30795265,2.48E-06,136.875,1.399461584
2.416666667,22.48420197,2.48E-06,136.875,1.402995131
2.416666667,22.66033418,2.48E-06,136.875,1.410049805
2.416666667,23.23293953,2.48E-06,136.875,1.427695804
2.416666667,23.40930596,2.48E-06,136.875,1.427708225
2.416666667,23.58590661,2.48E-06,136.875,1.420678391
2.416666667,23.80613043,2.48E-06,136.875,1.42773617
2.416666667,24.02623714,2.48E-06,136.875,1.438315076
2.416666667,24.07021164,2.48E-06,136.875,1.441839307
2.416666667,24.15827775,2.48E-06,136.875,1.445366644
2.416666667,24.24540698,2.48E-06,136.875,1.477062995
2.416666667,24.33335597,2.48E-06,136.875,1.484111459
2.416666667,24.33277043,2.48E-06,136.875,1.501717093
2.416666667,24.3324191,2.48E-06,136.875,1.512280473
2.416666667,24.33195066,2.48E-06,136.875,1.52636498
2.416666667,24.37393431,2.48E-06,136.875,1.589748367
2.416666667,24.41720615,2.48E-06,136.875,1.614399359
2.416666667,24.50433538,2.48E-06,136.875,1.64609571
2.416666667,24.59193305,2.48E-06,136.875,1.663707554
2.416666667,24.72397366,2.48E-06,136.875,1.670759123
2.416666667,24.98899174,2.48E-06,136.875,1.656693246
2.416666667,24.98899174,2.48E-06,136.875,1.656693246
2.416666667,25.29669612,2.48E-06,136.875,1.684883995
2.416666667,25.38476222,2.48E-06,136.875,1.688411332
2.416666667,25.78123536,2.48E-06,136.875,1.699002658
2.416666667,25.91327597,2.48E-06,136.875,1.706054227
2.416666667,26.13361689,2.48E-06,136.875,1.709590879
2.416666667,26.39804943,2.48E-06,136.875,1.713130636
2.416666667,26.57453297,2.48E-06,136.875,1.709621929
2.416666667,26.61862458,2.48E-06,136.875,1.709625034
2.416666667,26.7948739,2.48E-06,136.875,1.713158581
2.416666667,26.83873129,2.48E-06,136.875,1.72020394
2.416666667,26.92668028,2.48E-06,136.875,1.727252403
2.416666667,26.97065478,2.48E-06,136.875,1.730776635
2.416666667,27.19099571,2.48E-06,136.875,1.734313287
2.416666667,27.41133664,2.48E-06,136.875,1.737849939
2.416666667,27.80827821,2.48E-06,136.875,1.734356758
2.416666667,27.72068054,2.48E-06,136.875,1.716744914
2.416666667,27.45753621,2.48E-06,136.875,1.674472763
2.416666667,27.45859019,2.48E-06,136.875,1.642782622
2.416666667,27.68045354,2.48E-06,136.875,1.600544626
2.416666667,27.72606757,2.48E-06,136.875,1.554773083
2.416666667,27.77086183,2.48E-06,136.875,1.533649427
2.416666667,27.85951348,2.48E-06,136.875,1.51957113
2.416666667,28.25739193,2.48E-06,136.875,1.487908935
2.416666667,28.69725402,2.48E-06,136.875,1.519630126
2.416666667,28.82941174,2.48E-06,136.875,1.523160568
2.416666667,29.04940134,2.48E-06,136.875,1.537260601
2.416666667,29.31348255,2.48E-06,136.875,1.551363738
2.416666667,29.62153825,2.48E-06,136.875,1.568991107
2.416666667,29.84164496,2.48E-06,136.875,1.579570013
2.416666667,30.59026542,2.48E-06,136.875,1.607791813
2.416666667,30.81013791,2.48E-06,136.875,1.625412972
2.416666667,30.85352686,2.48E-06,136.875,1.646542837
2.416666667,30.76440677,2.48E-06,136.875,1.674705641
2.416666667,30.89586183,2.48E-06,136.875,1.699362844
2.416666667,31.02719978,2.48E-06,136.875,1.727541173
2.416666667,30.93725993,2.48E-06,136.875,1.780351864
2.416666667,30.89211434,2.48E-06,136.875,1.8120389
2.416666667,30.97947779,2.48E-06,136.875,1.836692997
2.416666667,31.24297345,2.48E-06,136.875,1.868401769
2.416666667,31.37513116,2.48E-06,136.875,1.871932211
2.416666667,31.5955892,2.48E-06,136.875,1.871947736
2.416666667,31.81593013,2.48E-06,136.875,1.875484388
2.416666667,31.90387912,2.48E-06,136.875,1.882532851
2.416666667,32.07977712,2.48E-06,136.875,1.896629779
2.416666667,32.21193483,2.48E-06,136.875,1.900160221
2.416666667,32.52057608,2.48E-06,136.875,1.900181956
2.416666667,32.69694251,2.48E-06,136.875,1.900194376
2.416666667,33.22709579,2.48E-06,136.875,1.868541496
2.416666667,33.71046394,2.48E-06,136.875,1.917871426
2.416666667,34.10646864,2.48E-06,136.875,1.942547259
2.416666667,34.10646864,2.48E-06,136.875,1.942547259
2.416666667,34.1976967,2.48E-06,136.875,1.851004173
2.416666667,34.19781381,2.48E-06,136.875,1.847483046
2.416666667,34.19839935,2.48E-06,136.875,1.829877413
2.416666667,34.42049692,2.48E-06,136.875,1.780597163
2.416666667,34.50973412,2.48E-06,136.875,1.748913232
2.416666667,34.51031966,2.48E-06,136.875,1.731307599
2.416666667,34.55487971,2.48E-06,136.875,1.717226197
2.416666667,34.82095177,2.48E-06,136.875,1.671470179
2.416666667,34.77709438,2.48E-06,136.875,1.664424821
2.416666667,35.17321619,2.48E-06,136.875,1.685579527
2.416666667,35.26104808,2.48E-06,136.875,1.696149117
2.416666667,35.43706318,2.48E-06,136.875,1.706724917
2.416666667,35.56898668,2.48E-06,136.875,1.717297613
2.416666667,35.65658435,2.48E-06,136.875,1.734909457
2.416666667,35.74406491,2.48E-06,136.875,1.756042427
2.416666667,35.7879223,2.48E-06,136.875,1.763087786
2.416666667,35.8759884,2.48E-06,136.875,1.766615123
2.416666667,36.18498098,2.48E-06,136.875,1.756073478
2.416666667,36.18498098,2.48E-06,136.875,1.756073478
2.416666667,36.18498098,2.48E-06,136.875,1.756073478
2.416666667,36.31678737,2.48E-06,136.875,1.7701673
2.416666667,36.53689408,2.48E-06,136.875,1.780746206
2.416666667,36.6691689,2.48E-06,136.875,1.780755521
2.416666667,36.93336722,2.48E-06,136.875,1.791337531
2.416666667,37.06540782,2.48E-06,136.875,1.7983891
2.416666667,37.15335682,2.48E-06,136.875,1.805437564
2.416666667,37.19744843,2.48E-06,136.875,1.805440669
2.416666667,37.85659746,2.48E-06,136.875,1.872388653
2.416666667,37.24083738,2.48E-06,136.875,1.826570534
2.416666667,37.54573114,2.48E-06,136.875,1.939268326
2.416666667,37.23908074,2.48E-06,136.875,1.879387436
2.416666667,37.41427608,2.48E-06,136.875,1.914611124
2.416666667,37.54537981,2.48E-06,136.875,1.949831706
2.416666667,37.54491137,2.48E-06,136.875,1.963916213
2.416666667,37.54479426,2.48E-06,136.875,1.96743734
2.416666667,37.3215256,2.48E-06,136.875,2.051928857
2.416666667,37.67308737,2.48E-06,136.875,2.087164965
2.416666667,37.93857389,2.48E-06,136.875,2.059014581
2.416666667,38.24721514,2.48E-06,136.875,2.059036317
2.416666667,38.33539836,2.48E-06,136.875,2.059042527
2.416666667,38.42358157,2.48E-06,136.875,2.059048737
2.416666667,38.9078866,2.48E-06,136.875,2.080209653
2.416666667,39.17208492,2.48E-06,136.875,2.090791664
2.416666667,39.48072617,2.48E-06,136.875,2.090813399
2.416666667,39.78936742,2.48E-06,136.875,2.090835134
2.416666667,40.09777446,2.48E-06,136.875,2.097899123
2.416666667,40.31799828,2.48E-06,136.875,2.104956902
2.416666667,40.66979426,2.48E-06,136.875,2.133150756
2.416666667,40.88990097,2.48E-06,136.875,2.143729662
2.416666667,40.97784997,2.48E-06,136.875,2.150778126
2.416666667,41.02194158,2.48E-06,136.875,2.150781231
2.416666667,41.0222929,2.48E-06,136.875,2.14021785
2.416666667,41.24603,2.48E-06,136.875,2.041641826
2.416666667,41.20275816,2.48E-06,136.875,2.016990834
2.416666667,41.15913498,2.48E-06,136.875,2.002903222
2.416666667,41.15913498,2.48E-06,136.875,2.002903222
2.416666667,41.20392925,2.48E-06,136.875,1.981779566
2.416666667,41.47000131,2.48E-06,136.875,1.936023549
2.416666667,41.60227613,2.48E-06,136.875,1.936032864
2.416666667,41.86682578,2.48E-06,136.875,1.936051494
2.416666667,42.13125831,2.48E-06,136.875,1.939591251
2.416666667,42.57112041,2.48E-06,136.875,1.971312443
2.416666667,42.57076908,2.48E-06,136.875,1.981875823
2.416666667,42.61486069,2.48E-06,136.875,1.981878928
2.416666667,42.70292679,2.48E-06,136.875,1.985406265
2.416666667,43.71516002,2.48E-06,136.875,2.041815709
2.416666667,43.71516002,2.48E-06,136.875,2.041815709
2.416666667,43.84731773,2.48E-06,136.875,2.045346151
2.416666667,44.28741404,2.48E-06,136.875,2.070025089
2.416666667,44.37501171,2.48E-06,136.875,2.087636933
2.416666667,44.46307782,2.48E-06,136.875,2.09116427
2.416666667,44.5948842,2.48E-06,136.875,2.105258092
2.416666667,44.63862448,2.48E-06,136.875,2.115824577
2.416666667,44.68259898,2.48E-06,136.875,2.119348809
2.416666667,43.58253387,2.48E-06,136.875,2.052369774
2.416666667,43.1417349,2.48E-06,136.875,2.048817597
44.88,0,1.71E-06,304.1666667,1
44.88,2.43204578,1.71E-06,304.1666667,0.955953698
44.88,5.007153076,1.71E-06,304.1666667,1.054069065
44.88,7.010014306,1.71E-06,304.1666667,1.098245806
44.88,8.154506438,1.71E-06,304.1666667,1.034553709
44.88,8.583690987,1.71E-06,304.1666667,0.961036611
44.88,10.01430615,1.71E-06,304.1666667,0.9316668
44.88,11.01573677,1.71E-06,304.1666667,0.961108142
44.88,11.58798283,1.71E-06,304.1666667,1.005242806
44.88,13.73390558,1.71E-06,304.1666667,1.073933661
44.88,14.44921316,1.71E-06,304.1666667,1.132778477
44.88,15.02145923,1.71E-06,304.1666667,1.083775493
44.88,17.02432046,1.71E-06,304.1666667,1.020108643
44.88,18.59799714,1.71E-06,304.1666667,1.044664835
44.88,20.0286123,1.71E-06,304.1666667,1.113334652
44.88,20.0286123,1.71E-06,304.1666667,1.191766354
44.88,20.60085837,1.71E-06,304.1666667,1.270214888
44.88,21.45922747,1.71E-06,304.1666667,1.299652022
44.88,21.7453505,1.71E-06,304.1666667,1.382994122
44.88,23.03290415,1.71E-06,304.1666667,1.41244388
44.88,24.46351931,1.71E-06,304.1666667,1.456603789
44.88,25.03576538,1.71E-06,304.1666667,1.476228546
44.88,25.1788269,1.71E-06,304.1666667,1.495840679
44.88,27.32474964,1.71E-06,304.1666667,1.540021628
44.88,27.03862661,1.71E-06,304.1666667,1.446875565
44.88,28.32618026,1.71E-06,304.1666667,1.417501546
44.88,28.46924177,1.71E-06,304.1666667,1.348878014
44.88,29.61373391,1.71E-06,304.1666667,1.270479973
44.88,29.89985694,1.71E-06,304.1666667,1.250880463
44.88,30.32904149,1.71E-06,304.1666667,1.245991105
44.88,32.04577969,1.71E-06,304.1666667,1.25584556
44.88,31.90271817,1.71E-06,304.1666667,1.353880981
44.88,32.33190272,1.71E-06,304.1666667,1.368599548
44.88,34.7639485,1.71E-06,304.1666667,1.40788693
44.88,34.62088698,1.71E-06,304.1666667,1.4667065
44.88,35.6223176,1.71E-06,304.1666667,1.344186418
44.88,36.05150215,1.71E-06,304.1666667,1.300081209
44.88,36.05150215,1.71E-06,304.1666667,1.260865358
44.88,37.33905579,1.71E-06,304.1666667,1.197177469
44.88,38.62660944,1.71E-06,304.1666667,1.236431189
44.88,39.34191702,1.71E-06,304.1666667,1.275668079
44.88,39.62804006,1.71E-06,304.1666667,1.300186402
44.88,39.91416309,1.71E-06,304.1666667,1.334508687
44.88,41.63090129,1.71E-06,304.1666667,1.4080889
44.88,42.34620887,1.71E-06,304.1666667,1.398305976
44.88,43.06151645,1.71E-06,304.1666667,1.344405219
44.88,44.20600858,1.71E-06,304.1666667,1.319928974
44.88,44.77825465,1.71E-06,304.1666667,1.334651749
44.88,45.06437768,1.71E-06,304.1666667,1.339562146
44.88,45.63662375,1.71E-06,304.1666667,1.368990865
44.88,46.35193133,1.71E-06,304.1666667,1.413129736
44.88,47.49642346,1.71E-06,304.1666667,1.442575286
44.88,48.21173104,1.71E-06,304.1666667,1.457302269
44.88,48.64091559,1.71E-06,304.1666667,1.516138669
44.88,48.35479256,1.71E-06,304.1666667,1.599463938
44.88,49.49928469,1.71E-06,304.1666667,1.643615432
44.88,49.49928469,1.71E-06,304.1666667,1.687733265
44.88,50.35765379,1.71E-06,304.1666667,1.756386251
44.88,51.21602289,1.71E-06,304.1666667,1.805431311
44.88,51.21602289,1.71E-06,304.1666667,1.839745181
44.88,53.0758226,1.71E-06,304.1666667,1.893721677
44.88,54.93562232,1.71E-06,304.1666667,1.928090247
44.88,56.08011445,1.71E-06,304.1666667,1.805574373
44.88,56.79542203,1.71E-06,304.1666667,1.707555784
44.88,57.3676681,1.71E-06,304.1666667,1.624238931
44.88,57.65379113,1.71E-06,304.1666667,1.550717625
44.88,59.08440629,1.71E-06,304.1666667,1.575269609
44.88,59.22746781,1.71E-06,304.1666667,1.614489668
44.88,59.22746781,1.71E-06,304.1666667,1.678215426
44.88,59.79971388,1.71E-06,304.1666667,1.732154053
44.88,60.08583691,1.71E-06,304.1666667,1.815496152
44.88,60.94420601,1.71E-06,304.1666667,1.844933287
44.88,61.94563662,1.71E-06,304.1666667,1.864570666
44.88,62.37482117,1.71E-06,304.1666667,1.844975364
44.88,63.5193133,1.71E-06,304.1666667,1.776381286
44.88,65.37911302,1.71E-06,304.1666667,1.698004283
44.88,66.0944206,1.71E-06,304.1666667,1.732339192
44.88,66.0944206,1.71E-06,304.1666667,1.800966932
44.88,66.66666667,1.71E-06,304.1666667,1.850003577
44.88,67.23891273,1.71E-06,304.1666667,1.908844184
44.88,68.52646638,1.71E-06,304.1666667,1.908882054
44.88,69.527897,1.71E-06,304.1666667,1.913813489
44.88,70.67238913,1.71E-06,304.1666667,1.84031743
44.88,71.67381974,1.71E-06,304.1666667,1.879562735
44.88,72.53218884,1.71E-06,304.1666667,1.830568167
44.88,74.8211731,1.71E-06,304.1666667,1.801223602
44.88,75.39341917,1.71E-06,304.1666667,1.840456284
44.88,76.96709585,1.71E-06,304.1666667,1.874816439
44.88,76.96709585,1.71E-06,304.1666667,1.909130309
44.88,76.68097282,1.71E-06,304.1666667,1.992455577
44.88,77.3962804,1.71E-06,304.1666667,2.066006337
44.88,76.96709585,1.71E-06,304.1666667,2.144425416
44.88,77.68240343,1.71E-06,304.1666667,2.227780139
44.88,78.39771102,1.71E-06,304.1666667,2.267017029
44.88,79.54220315,1.71E-06,304.1666667,2.316070504
44.88,81.83118741,1.71E-06,304.1666667,2.335745753
44.88,83.11874106,1.71E-06,304.1666667,2.321077679
44.88,83.54792561,1.71E-06,304.1666667,2.291678413
44.88,83.69098712,1.71E-06,304.1666667,2.18383903
44.88,84.83547926,1.71E-06,304.1666667,2.125048915
44.88,85.26466381,1.71E-06,304.1666667,2.046629835
44.88,85.55078684,1.71E-06,304.1666667,1.958402585
44.88,86.1230329,1.71E-06,304.1666667,1.953517435
44.88,87.12446352,1.71E-06,304.1666667,2.002566703
44.88,87.12446352,1.71E-06,304.1666667,2.022174628
44.88,87.41058655,1.71E-06,304.1666667,2.085908802
44.88,87.41058655,1.71E-06,304.1666667,2.134928616
44.88,88.12589413,1.71E-06,304.1666667,2.18887145
44.88,88.98426323,1.71E-06,304.1666667,2.233014529
44.88,89.69957082,1.71E-06,304.1666667,2.262447456
44.88,90.27181688,1.71E-06,304.1666667,2.286974194
44.88,91.2732475,1.71E-06,304.1666667,2.22327789
44.88,90.84406295,1.71E-06,304.1666667,2.13012762
44.88,90.98712446,1.71E-06,304.1666667,2.095817958
44.88,91.13018598,1.71E-06,304.1666667,2.056606314
44.88,91.55937053,1.71E-06,304.1666667,1.992893179
44.88,91.84549356,1.71E-06,304.1666667,1.953685743
44.88,92.70386266,1.71E-06,304.1666667,1.904691175
44.88,93.13304721,1.71E-06,304.1666667,1.880193891
44.88,94.27753934,1.71E-06,304.1666667,1.934149348
44.88,94.56366237,1.71E-06,304.1666667,1.963569652
44.88,94.70672389,1.71E-06,304.1666667,2.017495656
44.88,94.84978541,1.71E-06,304.1666667,2.046911752
44.88,94.84978541,1.71E-06,304.1666667,2.07632364
44.88,95.27896996,1.71E-06,304.1666667,2.110650133
44.88,95.42203147,1.71E-06,304.1666667,2.144968211
44.88,95.70815451,1.71E-06,304.1666667,2.169486533
44.88,96.85264664,1.71E-06,304.1666667,2.208736046
44.88,96.99570815,1.71E-06,304.1666667,2.218544217
44.88,98.56938484,1.71E-06,304.1666667,2.233296446
44.88,98.42632332,1.71E-06,304.1666667,2.159762517
44.88,99.28469242,1.71E-06,304.1666667,2.120571912
44.88,99.57081545,1.71E-06,304.1666667,2.110776364
44.88,101.0014306,1.71E-06,304.1666667,2.110818442
44.88,101.1444921,1.71E-06,304.1666667,2.154940482
44.88,101.2875536,1.71E-06,304.1666667,2.208866485
44.88,101.8597997,1.71E-06,304.1666667,2.253001149
44.88,103.4334764,1.71E-06,304.1666667,2.302067248
44.88,104.148784,1.71E-06,304.1666667,2.31679423
44.88,104.148784,1.71E-06,304.1666667,2.375618007
44.88,104.5779685,1.71E-06,304.1666667,2.434454407
44.88,104.5779685,1.71E-06,304.1666667,2.488376203
44.88,106.2947067,1.71E-06,304.1666667,2.552152454
44.88,106.0085837,1.71E-06,304.1666667,2.586457908
44.88,106.0085837,1.71E-06,304.1666667,2.655085648
44.88,106.0085837,1.71E-06,304.1666667,2.655085648
44.88,108.0114449,1.71E-06,304.1666667,2.748282203
44.88,107.4391989,1.71E-06,304.1666667,2.807089149
44.88,110.4434907,1.71E-06,304.1666667,2.885609213
44.88,111.7310443,1.71E-06,304.1666667,2.777803492
44.88,111.7310443,1.71E-06,304.1666667,2.70427377
44.88,112.3032904,1.71E-06,304.1666667,2.625858899
44.88,112.732475,1.71E-06,304.1666667,2.527831894
44.88,112.8755365,1.71E-06,304.1666667,2.429796473
44.88,113.7339056,1.71E-06,304.1666667,2.351390017
44.88,114.1630901,1.71E-06,304.1666667,2.336696696
44.88,114.7353362,1.71E-06,304.1666667,2.400439285
44.88,114.7353362,1.71E-06,304.1666667,2.459263062
44.88,115.1645207,1.71E-06,304.1666667,2.518099462
44.88,115.3075823,1.71E-06,304.1666667,2.547515558
44.88,115.1645207,1.71E-06,304.1666667,2.591629183
44.88,115.3075823,1.71E-06,304.1666667,2.611241316
44.88,115.4506438,1.71E-06,304.1666667,2.66516732
44.88,116.0228898,1.71E-06,304.1666667,2.69949802
44.88,116.4520744,1.71E-06,304.1666667,2.728922532
44.88,116.4520744,1.71E-06,304.1666667,2.75833442
44.88,116.8812589,1.71E-06,304.1666667,2.782856951
44.88,118.1688126,1.71E-06,304.1666667,2.773090857
44.88,118.8841202,1.71E-06,304.1666667,2.699582174
44.88,119.0271817,1.71E-06,304.1666667,2.62115468
44.88,119.1702432,1.71E-06,304.1666667,2.547629166
44.88,120.0286123,1.71E-06,304.1666667,2.474124691
44.88,120.3147353,1.71E-06,304.1666667,2.366289516
44.88,120.7439199,1.71E-06,304.1666667,2.327086287
44.88,121.888412,1.71E-06,304.1666667,2.346727875
44.88,122.4606581,1.71E-06,304.1666667,2.39576452
44.88,122.6037196,1.71E-06,304.1666667,2.430082597
44.88,122.7467811,1.71E-06,304.1666667,2.469302656
44.88,122.8898426,1.71E-06,304.1666667,2.503620734
44.88,122.7467811,1.71E-06,304.1666667,2.557538322
44.88,122.6037196,1.71E-06,304.1666667,2.591847984
44.88,123.4620887,1.71E-06,304.1666667,2.640893044
44.88,124.0343348,1.71E-06,304.1666667,2.660517801
44.88,125.8941345,1.71E-06,304.1666667,2.665474482
44.88,126.4663805,1.71E-06,304.1666667,2.660589332
44.88,127.3247496,1.71E-06,304.1666667,2.611594764
44.88,128.0400572,1.71E-06,304.1666667,2.562595988
44.88,128.4692418,1.71E-06,304.1666667,2.55770663
44.88,128.7553648,1.71E-06,304.1666667,2.621440804
44.88,128.7553648,1.71E-06,304.1666667,2.665558637
44.88,129.1845494,1.71E-06,304.1666667,2.714591074
44.88,129.7567954,1.71E-06,304.1666667,2.744019793
44.88,130.472103,1.71E-06,304.1666667,2.812668571
44.88,130.6151645,1.71E-06,304.1666667,2.837182686
44.88,130.9012876,1.71E-06,304.1666667,2.896014878
44.88,131.9027182,1.71E-06,304.1666667,2.896044332
44.88,131.9027182,1.71E-06,304.1666667,2.812710648
44.88,133.6194564,1.71E-06,304.1666667,2.95001662
44.88,133.3333333,1.71E-06,304.1666667,3.018635945
44.88,133.6194564,1.71E-06,304.1666667,3.067664174
44.88,133.6194564,1.71E-06,304.1666667,3.141193895
44.88,134.3347639,1.71E-06,304.1666667,3.219646637
44.88,135.4792561,1.71E-06,304.1666667,3.307915964
44.88,135.6223176,1.71E-06,304.1666667,3.396155837
44.88,136.3376252,1.71E-06,304.1666667,3.430490745
44.88,136.9098712,1.71E-06,304.1666667,3.435409557
44.88,137.7682403,1.71E-06,304.1666667,3.459944711
44.88,139.341917,1.71E-06,304.1666667,3.469794958
44.88,139.055794,1.71E-06,304.1666667,3.352138989
44.88,138.6266094,1.71E-06,304.1666667,3.288400608
44.88,138.9127325,1.71E-06,304.1666667,3.229585246
44.88,139.6280401,1.71E-06,304.1666667,3.170782508
44.88,140.0572246,1.71E-06,304.1666667,3.111971354
44.88,139.6280401,1.71E-06,304.1666667,3.043330991
44.88,140.7725322,1.71E-06,304.1666667,2.96493295
44.88,141.3447783,1.71E-06,304.1666667,2.911027985
44.88,142.0600858,1.71E-06,304.1666667,2.837519303
44.88,141.6309013,1.71E-06,304.1666667,2.73456507
44.88,143.776824,1.71E-06,304.1666667,2.876785647
44.88,143.776824,1.71E-06,304.1666667,2.960119331
44.88,142.9184549,1.71E-06,304.1666667,3.018917861
44.88,142.9184549,1.71E-06,304.1666667,3.072839657
44.88,143.0615165,1.71E-06,304.1666667,3.12676566
44.88,143.490701,1.71E-06,304.1666667,3.18560206
44.88,143.9198856,1.71E-06,304.1666667,3.21012459
44.88,144.6351931,1.71E-06,304.1666667,3.234655536
44.88,144.7782546,1.71E-06,304.1666667,3.244463706
44.88,145.9227468,1.71E-06,304.1666667,3.254301331
44.88,146.2088698,1.71E-06,304.1666667,3.210191914
44.88,147.0672389,1.71E-06,304.1666667,3.126883476
44.88,147.0672389,1.71E-06,304.1666667,3.087667625
44.88,147.3533619,1.71E-06,304.1666667,3.028852263
44.88,147.639485,1.71E-06,304.1666667,2.974938883
44.88,148.211731,1.71E-06,304.1666667,2.876916086
44.88,147.925608,1.71E-06,304.1666667,2.822985875
44.88,148.6409156,1.71E-06,304.1666667,2.778889081
44.88,149.3562232,1.71E-06,304.1666667,2.798518045
44.88,150.3576538,1.71E-06,304.1666667,2.862273257
44.88,150.5007153,1.71E-06,304.1666667,2.901493316
44.88,150.7868383,1.71E-06,304.1666667,2.970129471
44.88,150.7868383,1.71E-06,304.1666667,2.989737397
44.88,150.7868383,1.71E-06,304.1666667,3.028953248
44.88,150.9298999,1.71E-06,304.1666667,3.082879251
44.88,151.3590844,1.71E-06,304.1666667,3.112303763
44.88,151.6452074,1.71E-06,304.1666667,3.15152803
44.88,152.360515,1.71E-06,304.1666667,3.176058975
44.88,153.0758226,1.71E-06,304.1666667,3.176080014
44.88,153.2188841,1.71E-06,304.1666667,3.176084222
44.88,154.9356223,1.71E-06,304.1666667,3.078095086
44.88,154.7925608,1.71E-06,304.1666667,3.033973045
44.88,155.3648069,1.71E-06,304.1666667,2.975166099
44.88,156.509299,1.71E-06,304.1666667,2.999709668
44.88,156.6523605,1.71E-06,304.1666667,3.029125764
44.88,157.2246066,1.71E-06,304.1666667,3.073260428
44.88,157.3676681,1.71E-06,304.1666667,3.107578505
44.88,157.6537911,1.71E-06,304.1666667,3.146802772
44.88,158.3690987,1.71E-06,304.1666667,3.210549569
44.88,158.3690987,1.71E-06,304.1666667,3.230157495
44.88,158.3690987,1.71E-06,304.1666667,3.259569383
44.88,158.6552217,1.71E-06,304.1666667,3.288989687
10.49382716,0,1.24E-05,2071.428571,1
10.49382716,793.6507937,1.24E-05,2071.428571,11
10.49382716,1587.301587,1.24E-05,2071.428571,20.5
10.49382716,2380.952381,1.24E-05,2071.428571,24.7
10.49382716,3174.603175,1.24E-05,2071.428571,34.2
10.49382716,3968.253968,1.24E-05,2071.428571,41.1
10.49382716,4761.904762,1.24E-05,2071.428571,47.9
10.49382716,5555.555556,1.24E-05,2071.428571,64.4
10.49382716,0,1.24E-05,407.8125,1
10.49382716,156.25,1.24E-05,407.8125,4.79
10.49382716,312.5,1.24E-05,407.8125,7.53
10.49382716,468.75,1.24E-05,407.8125,12.3
10.49382716,625,1.24E-05,407.8125,15.1
10.49382716,781.25,1.24E-05,407.8125,19.9
10.49382716,937.5,1.24E-05,407.8125,20.5
10.49382716,1093.75,1.24E-05,407.8125,24.7
10.49382716,0,1.24E-05,228.9473684,1
10.49382716,87.71929825,1.24E-05,228.9473684,3.42
10.49382716,175.4385965,1.24E-05,228.9473684,4.79
10.49382716,263.1578947,1.24E-05,228.9473684,6.85
10.49382716,350.877193,1.24E-05,228.9473684,8.9
10.49382716,438.5964912,1.24E-05,228.9473684,11
10.49382716,526.3157895,1.24E-05,228.9473684,13.7
10.49382716,614.0350877,1.24E-05,228.9473684,14.4
10.49382716,0,1.24E-05,157.2289157,1
10.49382716,60.24096386,1.24E-05,157.2289157,2.74
10.49382716,120.4819277,1.24E-05,157.2289157,4.11
10.49382716,180.7228916,1.24E-05,157.2289157,4.79
10.49382716,240.9638554,1.24E-05,157.2289157,6.85
10.49382716,301.2048193,1.24E-05,157.2289157,8.9
10.49382716,361.4457831,1.24E-05,157.2289157,10.3
10.49382716,421.686747,1.24E-05,157.2289157,11
10.49382716,0,1.24E-05,98.12030075,1
10.49382716,37.59398496,1.24E-05,98.12030075,2.05
10.49382716,75.18796992,1.24E-05,98.12030075,2.74
10.49382716,112.7819549,1.24E-05,98.12030075,3.42
10.49382716,150.3759398,1.24E-05,98.12030075,4.11
10.49382716,187.9699248,1.24E-05,98.12030075,4.79
10.49382716,225.5639098,1.24E-05,98.12030075,5.48
10.49382716,263.1578947,1.24E-05,98.12030075,5.7
10.49382716,0,1.24E-05,62.14285714,1
10.49382716,23.80952381,1.24E-05,62.14285714,2.74
10.49382716,47.61904762,1.24E-05,62.14285714,2.74
10.49382716,71.42857143,1.24E-05,62.14285714,2.74
10.49382716,95.23809524,1.24E-05,62.14285714,2.74
10.49382716,119.047619,1.24E-05,62.14285714,2.74
10.49382716,142.8571429,1.24E-05,62.14285714,2.74
10.49382716,166.6666667,1.24E-05,62.14285714,2.74
10.49382716,0,1.24E-05,42.09677419,1
10.49382716,16.12903226,1.24E-05,42.09677419,1.37
10.49382716,32.25806452,1.24E-05,42.09677419,1.37
10.49382716,48.38709677,1.24E-05,42.09677419,1.37
10.49382716,64.51612903,1.24E-05,42.09677419,1.37
10.49382716,80.64516129,1.24E-05,42.09677419,1.37
10.49382716,96.77419355,1.24E-05,42.09677419,1.37
10.49382716,112.9032258,1.24E-05,42.09677419,1.37
1.838831801,0,1.24E-05,1027.559055,1
1.838831801,393.7007874,1.24E-05,1027.559055,2.17
1.838831801,787.4015748,1.24E-05,1027.559055,3.91
1.838831801,1181.102362,1.24E-05,1027.559055,6.3
1.838831801,1574.80315,1.24E-05,1027.559055,7.83
1.838831801,1968.503937,1.24E-05,1027.559055,8.7
1.838831801,2362.204724,1.24E-05,1027.559055,10.9
1.838831801,2755.905512,1.24E-05,1027.559055,12.2
1.838831801,0,1.24E-05,343.4210526,1
1.838831801,131.5789474,1.24E-05,343.4210526,2.17
1.838831801,263.1578947,1.24E-05,343.4210526,4.35
1.838831801,394.7368421,1.24E-05,343.4210526,5.43
1.838831801,526.3157895,1.24E-05,343.4210526,11.7
1.838831801,657.8947368,1.24E-05,343.4210526,8.7
1.838831801,789.4736842,1.24E-05,343.4210526,9.35
1.838831801,921.0526316,1.24E-05,343.4210526,10.4
1.838831801,0,1.24E-05,203.90625,1
1.838831801,78.125,1.24E-05,203.90625,3.26
1.838831801,156.25,1.24E-05,203.90625,3.04
1.838831801,234.375,1.24E-05,203.90625,4.35
1.838831801,312.5,1.24E-05,203.90625,5.87
1.838831801,390.625,1.24E-05,203.90625,6.52
1.838831801,468.75,1.24E-05,203.90625,7.61
1.838831801,546.875,1.24E-05,203.90625,8.26
1.838831801,0,1.24E-05,146.6292135,1
1.838831801,56.17977528,1.24E-05,146.6292135,2.17
1.838831801,112.3595506,1.24E-05,146.6292135,3.04
1.838831801,168.5393258,1.24E-05,146.6292135,3.7
1.838831801,224.7191011,1.24E-05,146.6292135,4.78
1.838831801,280.8988764,1.24E-05,146.6292135,5.87
1.838831801,337.0786517,1.24E-05,146.6292135,6.96
1.838831801,393.258427,1.24E-05,146.6292135,7.39
1.838831801,0,1.24E-05,93.21428571,1
1.838831801,35.71428571,1.24E-05,93.21428571,1.52
1.838831801,71.42857143,1.24E-05,93.21428571,2.61
1.838831801,107.1428571,1.24E-05,93.21428571,3.26
1.838831801,142.8571429,1.24E-05,93.21428571,4.35
1.838831801,178.5714286,1.24E-05,93.21428571,5.22
1.838831801,214.2857143,1.24E-05,93.21428571,5.43
1.838831801,250,1.24E-05,93.21428571,6.52
1.838831801,0,1.24E-05,59.31818182,1
1.838831801,22.72727273,1.24E-05,59.31818182,1.96
1.838831801,45.45454545,1.24E-05,59.31818182,2.17
1.838831801,68.18181818,1.24E-05,59.31818182,2.61
1.838831801,90.90909091,1.24E-05,59.31818182,3.04
1.838831801,113.6363636,1.24E-05,59.31818182,3.48
1.838831801,136.3636364,1.24E-05,59.31818182,4.13
1.838831801,159.0909091,1.24E-05,59.31818182,4.35
1.838831801,0,1.24E-05,40.78125,1
1.838831801,15.625,1.24E-05,40.78125,1.3
1.838831801,31.25,1.24E-05,40.78125,1.3
1.838831801,46.875,1.24E-05,40.78125,1.96
1.838831801,62.5,1.24E-05,40.78125,2.17
1.838831801,78.125,1.24E-05,40.78125,2.61
1.838831801,93.75,1.24E-05,40.78125,2.83
1.838831801,109.375,1.24E-05,40.78125,3.04
14.34005555,0,6.92E-06,607.4074074,1
14.34005555,3.295527932,6.92E-06,607.4074074,0.999688686
14.34005555,7.10423659,6.92E-06,607.4074074,1.013090014
14.34005555,9.19858326,6.92E-06,607.4074074,1.012926945
14.34005555,11.86653225,6.92E-06,607.4074074,1.053812856
14.34005555,14.91124344,6.92E-06,607.4074074,1.026180028
14.34005555,16.24320388,6.92E-06,607.4074074,1.012378439
14.34005555,18.71914647,6.92E-06,607.4074074,1.025883539
14.34005555,21.57507375,6.92E-06,607.4074074,1.025661172
14.34005555,24.05101635,6.92E-06,607.4074074,1.039166271
14.34005555,25.76457271,6.92E-06,607.4074074,1.039032851
14.34005555,29.95326605,6.92E-06,607.4074074,1.038706713
14.34005555,35.47391984,6.92E-06,607.4074074,1.024578985
14.34005555,41.56495345,6.92E-06,607.4074074,0.996708966
14.34005555,47.0880241,6.92E-06,607.4074074,1.023674692
14.34005555,53.37186973,6.92E-06,607.4074074,1.036883302
14.34005555,58.70454522,6.92E-06,607.4074074,1.063863852
14.34005555,70.90111364,6.92E-06,607.4074074,1.254684535
14.34005555,82.91131501,6.92E-06,607.4074074,1.514009132
1.43E+01,94.91668265,6.92E-06,607.4074074,1.691146822
1.43E+01,105.2141333,6.92E-06,607.4074074,1.964302657
1.43E+01,117.9979996,6.92E-06,607.4074074,2.429035223
1.43E+01,129.2562878,6.92E-06,607.4074074,2.852792932
1.43E+01,140.8945607,6.92E-06,607.4074074,3.262823174
1.43E+01,152.1560714,6.92E-06,607.4074074,3.741372154
1.43E+01,163.9879619,6.92E-06,607.4074074,4.206178843
1.43E+01,176.1982259,6.92E-06,607.4074074,4.629862429
187.5,0,0.00015301,6.481598985,1
187.5,1,0.00015301,6.481598985,1.01
187.5,2,0.00015301,6.481598985,1.05
187.5,3,0.00015301,6.481598985,1.08
187.5,4,0.00015301,6.481598985,1.11
187.5,5,0.00015301,6.481598985,1.11
187.5,6,0.00015301,6.481598985,1.11
187.5,7,0.00015301,6.481598985,1.12
187.5,8,0.00015301,6.481598985,1.13
187.5,9,0.00015301,6.481598985,1.16
187.5,10,0.00015301,6.481598985,1.18
187.5,11,0.00015301,6.481598985,1.2
187.5,12,0.00015301,6.481598985,1.2
187.5,13,0.00015301,6.481598985,1.24
187.5,14,0.00015301,6.481598985,1.26
187.5,15,0.00015301,6.481598985,1.29
187.5,16,0.00015301,6.481598985,1.29
187.5,17,0.00015301,6.481598985,1.32
187.5,18,0.00015301,6.481598985,1.36
187.5,0,0.000132039,7.511029412,1
187.5,1,0.000132039,7.511029412,1.015151515
187.5,2,0.000132039,7.511029412,1.060606061
187.5,3,0.000132039,7.511029412,1.075757576
187.5,4,0.000132039,7.511029412,1.075757576
187.5,5,0.000132039,7.511029412,1.121212121
187.5,6,0.000132039,7.511029412,1.121212121
187.5,7,0.000132039,7.511029412,1.151515152
187.5,8,0.000132039,7.511029412,1.166666667
187.5,9,0.000132039,7.511029412,1.196969697
187.5,10,0.000132039,7.511029412,1.196969697
187.5,11,0.000132039,7.511029412,1.212121212
187.5,12,0.000132039,7.511029412,1.227272727
187.5,13,0.000132039,7.511029412,1.242424242
187.5,14,0.000132039,7.511029412,1.257575758
187.5,15,0.000132039,7.511029412,1.272727273
187.5,16,0.000132039,7.511029412,1.318181818
187.5,17,0.000132039,7.511029412,1.318181818
187.5,18,0.000132039,7.511029412,1.348484848
187.5,19,0.000132039,7.511029412,1.378787879
187.5,20,0.000132039,7.511029412,1.393939394
187.5,21,0.000132039,7.511029412,1.439393939
187.5,22,0.000132039,7.511029412,1.439393939
187.5,23,0.000132039,7.511029412,1.46969697
187.5,24,0.000132039,7.511029412,1.5
75,0,0.000123495,8.030660377,1
75,2,0.000123495,8.030660377,1.05
75,4,0.000123495,8.030660377,1.22
75,6,0.000123495,8.030660377,1.32
75,8,0.000123495,8.030660377,1.48
75,10,0.000123495,8.030660377,1.63
75,12,0.000123495,8.030660377,1.71
75,14,0.000123495,8.030660377,1.83
75,16,0.000123495,8.030660377,1.98
75,18,0.000123495,8.030660377,2.14
